*,ContainerNode: About	
**,about/WindowsServerContainers.md
**,about/ContainerLifeCycle.md 
**,about/Containers_vs_VMs.md
**,about/ContainersvsAppV.md
**,about/when_containers.md
*,ContainerNode: Quick Start
**,quick_start/requirements.md
**,quick_start/installation.md
**,quick_start/install_using_docker.md
**,quick_start/install_in_azure.md
*,ContainerNode: User Guide
**,userguide/user_guide.md
**,userguide/hello_world.md
**,userguide/working_with_containers.md
**,userguide/managing_containers.md
**,userguide/accessing_data_in_containers.md
**,userguide/linking_multiple_containers.md
**,userguide/gstart_docker_hub.md
*,ContainerNode: Reference
**,reference/reference.md
**,reference/wmi.md
**,reference/powershell.md
**,reference/networking.md 
**,reference/storage.md
**,reference/security.md 
**,reference/drivers.md 
**,reference/faq.md 
**,reference/relnotes.md
*,ContainerNode: Community
**,community/community.md
				






