*,oa-toc-container:virtualization
**,oa-toc-container: windowscontainers
***,oa-toc-container: about
****,windowscontainers/about/about_overview.md
****,windowscontainers/about/container_ecosystem.md
****,windowscontainers/about/when_containers.md
****,windowscontainers/about/faq.md
***,oa-toc-container: quick_start
****,windowscontainers/quick_start/hello_world.md
***,oa-toc-container: user_guide
****,windowscontainers/userguide/userguide_overview.md
***,oa-toc-container: reference
****,windowscontainers/reference/reference_overview.md
****,windowscontainers/reference/internal_ManagmentArchitecture.md
****,windowscontainers/reference/networking.md
****,windowscontainers/reference/security.md
****,windowscontainers/reference/storage.md
****,windowscontainers/reference/xenon_architecture.md
****,windowscontainers/reference/faq.md
****,windowscontainers/reference/glossary.md
**,oa-toc-container: api	
***,oa-toc-container: powershell
****,api/powershell_overview.md
***,oa-toc-container: wmi
****,api/wmi_overview.md
**,oa-toc-container: community	
***,community/community_overview.md



